uid,x,y,z,unit,model,sector
573123a4820f0ae2,2871.53,44.03,13260.55,sign.ch_37008,speed_camera_v2_ch,sec+0000+0003
01567d2460500f89,916.5,38.89,25697.07,sign.dlc_it_318,speedcamera_small_01_it,sec+0000+0006
226111f8604d0001,1050.74,40.41,26032.59,sign.dlc_it_318,speedcamera_small_01_it,sec+0000+0006
2230d654bb4d0000,3758.12,44.25,35747.44,sign.dlc_it_316,speedcamera_3way_hw_01_it,sec+0000+0008
22376388380d0000,2260.48,42.23,33919.77,sign.dlc_it_316,speedcamera_3way_hw_01_it,sec+0000+0008
223763b4a24d0000,1123.43,43.29,34579.24,sign.dlc_it_316,speedcamera_3way_hw_01_it,sec+0000+0008
22606e34a80d0001,540.25,31.95,39486.31,sign.dlc_it_321,speedcamera_small_03_hw_it,sec+0000+0009
22606e88a0cd0001,264.6,33.6,39257.06,sign.dlc_it_321,speedcamera_small_03_hw_it,sec+0000+0009
22606a00a74d0001,1060.81,20.67,43098.63,sign.dlc_it_320,speedcamera_small_02_orange_it,sec+0000+0010
22606a5490cd0000,1344.45,21.42,42253.93,sign.dlc_it_320,speedcamera_small_02_orange_it,sec+0000+0010
225c24f0038d0001,1129.47,6.8,45977.76,sign.dlc_it_320,speedcamera_small_02_orange_it,sec+0000+0011
225c2530144d0000,939.85,6.84,45766.95,sign.dlc_it_320,speedcamera_small_02_orange_it,sec+0000+0011
225c28b8fb8d0000,3958.36,8.88,44305.37,sign.dlc_it_318,speedcamera_small_01_it,sec+0000+0011
225c2e94580d0001,3580.97,21.3,46266.87,sign.dlc_it_320,speedcamera_small_02_orange_it,sec+0000+0011
2cb3e398064d0003,1851.28,41.79,-3640.67,sign.1046,speedcamera_hw_ch,sec+0000-0001
2cb3e39825cd0006,1858.45,41.64,-3622.95,sign.1046,speedcamera_hw_ch,sec+0000-0001
2d073b24db4d0001,3805.98,43.74,-845.74,sign.1011,speedcamera_hw_cz,sec+0000-0001
2d073ba8700d0000,2581.18,44.01,-720.86,sign.1011,speedcamera_hw_cz,sec+0000-0001
2d073d1c388d0001,3191.55,45.22,-497.73,sign.1012,speedcamera_hw_de,sec+0000-0001
2d073dfc4b4d0001,3530.91,43.74,-672.24,sign.1011,speedcamera_hw_cz,sec+0000-0001
2d073eb496cd0001,3098.43,43.24,-493.71,sign.1011,speedcamera_hw_cz,sec+0000-0001
49cdb58004cf06cb,2031.02,39.64,-3355.66,sign.1046,speedcamera_hw_ch,sec+0000-0001
49cdb580400f06ce,2039.41,39.55,-3338.49,sign.1046,speedcamera_hw_ch,sec+0000-0001
03882889db6b0001,484.19,7.6,-26199.27,sign.1479,speedcamera_hw_dk,sec+0000-0007
5493cdb903a70191,526.98,13.71,-35642.0,sign.1496,speedcamera_city_dk,sec+0000-0009
5493cdb9082711df,1159.49,9.82,-35280.29,sign.1479,speedcamera_hw_dk,sec+0000-0009
5493cdbb49a70903,506.27,13.71,-35616.09,sign.1496,speedcamera_city_dk,sec+0000-0009
5c506eb557870001,780.23,18.69,-52026.98,sign.poc_5g0ec,speed_camera_01_no_poc,sec+0000-0014
5c506ee0b0070001,753.79,18.65,-52040.52,sign.poc_5g0ec,speed_camera_01_no_poc,sec+0000-0014
5c89d8bab3870001,2565.98,16.53,-61627.1,sign.poc_5g0ec,speed_camera_01_no_poc,sec+0000-0016
01567d2462001a09,7021.87,63.17,6104.06,sign.1012,speedcamera_hw_de,sec+0001+0001
01567d2468701b21,7270.34,61.54,5985.7,sign.1011,speedcamera_hw_cz,sec+0001+0001
0262261bcc3b0024,4511.11,23.63,29692.95,sign.dlc_it_318,speedcamera_small_01_it,sec+0001+0007
21f21284488d0000,4472.39,21.94,29730.17,sign.dlc_it_318,speedcamera_small_01_it,sec+0001+0007
21f2174476cd0001,6706.21,21.57,28577.83,sign.dlc_it_318,speedcamera_small_01_it,sec+0001+0007
21f217b4504d0000,6829.81,21.7,28462.7,sign.dlc_it_318,speedcamera_small_01_it,sec+0001+0007
2230d7d4d94d0001,4864.82,39.96,36557.51,sign.dlc_it_318,speedcamera_small_01_it,sec+0001+0009
2230d870838d0001,4939.5,39.95,36575.05,sign.dlc_it_318,speedcamera_small_01_it,sec+0001+0009
225c62acc58d0001,6532.36,15.41,37819.58,sign.dlc_it_318,speedcamera_small_01_it,sec+0001+0009
225c62c48b8d0000,6579.43,13.06,37881.58,sign.dlc_it_318,speedcamera_small_01_it,sec+0001+0009
225c5b90004d0001,4467.37,23.58,41006.67,sign.dlc_it_320,speedcamera_small_02_orange_it,sec+0001+0010
225c5bf0ae0d0001,4431.23,23.37,41036.42,sign.dlc_it_320,speedcamera_small_02_orange_it,sec+0001+0010
225c5ef0234d0001,7201.73,25.19,42102.79,sign.dlc_it_320,speedcamera_small_02_orange_it,sec+0001+0010
225c600ce88d0001,7186.13,26.09,41960.91,sign.dlc_it_320,speedcamera_small_02_orange_it,sec+0001+0010
225c2808408d0000,4044.99,9.26,44694.88,sign.dlc_it_318,speedcamera_small_01_it,sec+0001+0011
225c29d4890d0001,6278.85,27.47,47838.05,sign.dlc_it_316,speedcamera_3way_hw_01_it,sec+0001+0011
2260963c73cd0001,6527.52,20.67,50940.07,sign.dlc_it_319,speedcamera_3way_hw_02_it,sec+0001+0012
22609668c30d0000,6438.46,20.67,50997.06,sign.dlc_it_319,speedcamera_3way_hw_02_it,sec+0001+0012
226096c8ae0d0001,7014.99,20.64,48501.27,sign.dlc_it_319,speedcamera_3way_hw_02_it,sec+0001+0012
226096e0b10d0001,6955.95,20.63,48497.43,sign.dlc_it_319,speedcamera_3way_hw_02_it,sec+0001+0012
226097c82dcd0001,5364.21,21.97,50522.3,sign.dlc_it_316,speedcamera_3way_hw_01_it,sec+0001+0012
2260982c544d0000,7924.77,26.54,50886.89,sign.dlc_it_316,speedcamera_3way_hw_01_it,sec+0001+0012
55c8d89916870001,5151.29,38.35,-9032.29,sign.1012,speedcamera_hw_de,sec+0001-0003
4f77e299869c0001,5877.17,3.98,-18904.29,sign.1496,speedcamera_city_dk,sec+0001-0005
4f77f404041c0000,6455.45,8.57,-18749.75,sign.1496,speedcamera_city_dk,sec+0001-0005
03804e490f7b0001,6265.33,11.7,-26442.34,sign.1479,speedcamera_hw_dk,sec+0001-0007
5c506729b5070001,6766.79,26.8,-41547.49,sign.poc_5g0eb,speed_camera_02_poc,sec+0001-0011
5c5067464f070001,6765.03,26.8,-41526.31,sign.poc_5g0eb,speed_camera_02_poc,sec+0001-0011
5c50773d5f070001,4203.22,5.09,-50462.3,sign.poc_5g0ec,speed_camera_01_no_poc,sec+0001-0013
5c50776046870001,4106.66,5.22,-50404.67,sign.poc_5g0ec,speed_camera_01_no_poc,sec+0001-0013
01567d243b002afd,9938.11,62.18,5877.78,sign.1011,speedcamera_hw_cz,sec+0002+0001
01567d24f8b02afb,10000.05,60.89,5942.23,sign.1011,speedcamera_hw_cz,sec+0002+0001
431c41e0d5610001,10175.08,69.42,17572.99,sign.1046,speedcamera_hw_ch,sec+0002+0004
225c637c674d0001,11761.3,14.41,43816.61,sign.dlc_it_321,speedcamera_small_03_hw_it,sec+0002+0010
225c14407dcd0001,10055.11,19.42,47285.68,sign.dlc_it_321,speedcamera_small_03_hw_it,sec+0002+0011
225c1618208d0001,9389.03,20.94,47729.85,sign.dlc_it_321,speedcamera_small_03_hw_it,sec+0002+0011
225c1ffc4d8d0001,11832.4,12.59,44141.59,sign.dlc_it_321,speedcamera_small_03_hw_it,sec+0002+0011
225c190c698d0001,8895.67,22.29,51929.9,sign.dlc_it_320,speedcamera_small_02_orange_it,sec+0002+0012
225c1bb8a90d0001,8699.81,22.29,51164.43,sign.dlc_it_318,speedcamera_small_01_it,sec+0002+0012
225c1bbccd0d0001,8765.91,22.29,51182.97,sign.dlc_it_318,speedcamera_small_01_it,sec+0002+0012
225c6ea4934d0001,8449.66,9.81,49168.65,sign.dlc_it_316,speedcamera_3way_hw_01_it,sec+0002+0012
225c1b505a4d0001,8772.85,16.37,52341.56,sign.dlc_it_320,speedcamera_small_02_orange_it,sec+0002+0013
2260ad94058d0001,9562.6,20.66,71716.16,sign.dlc_it_320,speedcamera_small_02_orange_it,sec+0002+0017
2260add4b1cd0001,9536.91,16.12,71607.93,sign.dlc_it_320,speedcamera_small_02_orange_it,sec+0002+0017
5731ab8b840f50e3,8853.0,58.13,-11717.03,sign.blke_428a,speedcamera_hw_tr,sec+0002-0003
580b238aada60001,10843.84,46.24,-8924.14,sign.ch_37007,speed_camera_ch,sec+0002-0003
580b28fe81260001,10515.47,44.14,-8840.42,sign.ch_37007,speed_camera_ch,sec+0002-0003
580b2d100ba60000,10280.59,43.83,-8798.37,sign.ch_37007,speed_camera_ch,sec+0002-0003
580b6049c9260001,9706.34,43.16,-9829.81,sign.ch_37007,speed_camera_ch,sec+0002-0003
580b6176fca60001,9635.55,43.1,-9725.75,sign.ch_37007,speed_camera_ch,sec+0002-0003
580b61f97b260000,9577.16,43.1,-9676.26,sign.ch_37007,speed_camera_ch,sec+0002-0003
580b62799f260000,9747.76,43.32,-9839.77,sign.ch_37007,speed_camera_ch,sec+0002-0003
580b6934b9a60001,9756.51,43.18,-9952.76,sign.ch_37007,speed_camera_ch,sec+0002-0003
580b696070260000,9833.04,42.43,-9980.7,sign.ch_37007,speed_camera_ch,sec+0002-0003
580b6982dba60000,9704.56,43.18,-9980.43,sign.ch_37007,speed_camera_ch,sec+0002-0003
580b698f8fa60000,9719.26,43.18,-9943.12,sign.ch_37007,speed_camera_ch,sec+0002-0003
580b69bc58a60000,9610.01,43.17,-9983.04,sign.ch_37007,speed_camera_ch,sec+0002-0003
580b69d8f1a60000,9572.16,43.18,-9951.46,sign.ch_37007,speed_camera_ch,sec+0002-0003
580b6aa07a260000,9501.75,43.19,-9953.89,sign.ch_37007,speed_camera_ch,sec+0002-0003
580b6abbf3260000,9476.96,43.18,-9991.11,sign.ch_37007,speed_camera_ch,sec+0002-0003
580b6aec4e260000,9430.99,43.19,-9863.85,sign.ch_37007,speed_camera_ch,sec+0002-0003
580b6b127b260000,9545.64,43.18,-9753.81,sign.ch_37007,speed_camera_ch,sec+0002-0003
580b79366ea60000,9614.91,43.19,-9648.07,sign.ch_37007,speed_camera_ch,sec+0002-0003
580b79564d260000,9450.82,42.17,-9544.04,sign.ch_37007,speed_camera_ch,sec+0002-0003
580b7a6e40a60001,9466.92,42.29,-9580.37,sign.ch_37007,speed_camera_ch,sec+0002-0003
580b7a9e90260000,9743.6,43.19,-9992.14,sign.ch_37007,speed_camera_ch,sec+0002-0003
580b7cb4a3a60000,9844.82,42.07,-9952.71,sign.ch_37007,speed_camera_ch,sec+0002-0003
580b7cc80ba60000,10035.49,40.6,-9952.29,sign.ch_37007,speed_camera_ch,sec+0002-0003
580b7ce73da60000,10506.98,40.38,-10012.31,sign.ch_37007,speed_camera_ch,sec+0002-0003
580b7d0ba5260000,10659.91,40.5,-10059.83,sign.ch_37007,speed_camera_ch,sec+0002-0003
580b7d6e11a60000,10258.56,40.36,-10212.91,sign.ch_37007,speed_camera_ch,sec+0002-0003
580b8a7653a60000,10024.4,40.67,-9993.29,sign.ch_37007,speed_camera_ch,sec+0002-0003
580b8a9986a60000,10024.02,40.46,-10168.05,sign.ch_37007,speed_camera_ch,sec+0002-0003
580b8ab13a260000,10011.98,40.5,-10127.74,sign.ch_37007,speed_camera_ch,sec+0002-0003
580b8ac90c260000,9997.53,40.5,-10154.65,sign.ch_37007,speed_camera_ch,sec+0002-0003
5c3840f31db60001,8985.64,4.71,-26962.88,sign.1479,speedcamera_hw_dk,sec+0002-0007
5c5058ee4e870001,11308.07,18.52,-30343.93,sign.poc_5g0eb,speed_camera_02_poc,sec+0002-0008
5c50594af0070000,11314.08,17.96,-30360.0,sign.poc_5g0eb,speed_camera_02_poc,sec+0002-0008
5c5067e81f070001,11862.41,7.09,-39059.82,sign.poc_5g0eb,speed_camera_02_poc,sec+0002-0010
5c5068058a870001,11896.34,7.09,-39074.38,sign.poc_5g0eb,speed_camera_02_poc,sec+0002-0010
01567d241a003931,12950.94,58.74,1116.13,sign.1011,speedcamera_hw_cz,sec+0003+0000
01567d2440d036a9,13795.14,67.44,3593.67,sign.1011,speedcamera_hw_cz,sec+0003+0000
01567d24b1703947,12798.23,42.47,495.01,sign.1011,speedcamera_hw_cz,sec+0003+0000
01567d24d97038b1,13463.06,68.34,3617.3,sign.1011,speedcamera_hw_cz,sec+0003+0000
01567d2453b03cf1,14119.91,67.44,5046.82,sign.1011,speedcamera_hw_cz,sec+0003+0001
01567d24c4203d19,14693.67,67.44,4973.34,sign.1011,speedcamera_hw_cz,sec+0003+0001
4c90f4f8a01d0001,13334.53,31.84,29465.62,sign.blkw_370mb,si_speed_camera,sec+0003+0007
225c1d5015cd0001,12660.49,10.56,47244.79,sign.dlc_it_320,speedcamera_small_02_orange_it,sec+0003+0011
225c1ea4fd0d0001,12634.71,10.8,47217.07,sign.dlc_it_320,speedcamera_small_02_orange_it,sec+0003+0011
225c21a4ca4d0001,13482.24,19.93,51376.07,sign.dlc_it_320,speedcamera_small_02_orange_it,sec+0003+0012
225c2310640d0001,13334.6,44.14,51329.45,sign.dlc_it_320,speedcamera_small_02_orange_it,sec+0003+0012
225c06cc3acd0001,12563.96,17.97,53524.91,sign.dlc_it_316,speedcamera_3way_hw_01_it,sec+0003+0013
225c07a8f48d0001,13904.04,12.87,54851.24,sign.dlc_it_318,speedcamera_small_01_it,sec+0003+0013
225c082c68cd0000,13974.76,12.87,54821.3,sign.dlc_it_318,speedcamera_small_01_it,sec+0003+0013
225c0380ddcd0001,15977.72,28.12,56827.86,sign.dlc_it_319,speedcamera_3way_hw_02_it,sec+0003+0014
225c0af47c0d0001,13305.35,2.62,56625.1,sign.dlc_it_320,speedcamera_small_02_orange_it,sec+0003+0014
5731ab881b0f672c,12396.53,43.48,-4498.52,sign.1012,speedcamera_hw_de,sec+0003-0002
5731ab89b00f5e58,12532.98,44.25,-4919.72,sign.1012,speedcamera_hw_de,sec+0003-0002
5c505cb545070001,13506.29,0.95,-28827.83,sign.poc_5g0eb,speed_camera_02_poc,sec+0003-0008
5c505ce18b070001,13510.89,-0.03,-28933.32,sign.poc_5g0eb,speed_camera_02_poc,sec+0003-0008
5c505d949d070001,14547.14,-4.53,-34872.28,sign.poc_5g0eb,speed_camera_02_poc,sec+0003-0009
4d95f8f4a4070001,16056.11,21.39,26391.3,sign.blkw_370mb,si_speed_camera,sec+0004+0006
4d95fa48f1870001,16955.25,41.93,31244.47,sign.blkw_370o9,hr_speed_camera,sec+0004+0007
225c12ec978d0001,18030.6,10.87,50593.89,sign.dlc_it_318,speedcamera_small_01_it,sec+0004+0012
225c1320750d0000,17965.14,10.87,50574.83,sign.dlc_it_318,speedcamera_small_01_it,sec+0004+0012
225c109899cd0001,16012.83,11.96,55214.62,sign.dlc_it_318,speedcamera_small_01_it,sec+0004+0013
225c0414f30d0001,16965.42,27.77,57211.77,sign.dlc_it_316,speedcamera_3way_hw_01_it,sec+0004+0014
225c052437cd0001,19842.23,21.19,59957.45,sign.dlc_it_321,speedcamera_small_03_hw_it,sec+0004+0014
225c2cac5a8d0001,17151.25,52.6,58224.41,sign.dlc_it_320,speedcamera_small_02_orange_it,sec+0004+0014
225c2cf4de8d0001,17174.66,50.39,58325.38,sign.dlc_it_320,speedcamera_small_02_orange_it,sec+0004+0014
2260a934c24d0001,18014.02,28.15,72147.85,sign.dlc_it_321,speedcamera_small_03_hw_it,sec+0004+0018
01567d24a2f05165,16903.42,14.28,-2464.1,sign.1084,speedcamera_hw_pl,sec+0004-0001
01567d2424f05475,17920.23,41.6,-10461.9,sign.1084,speedcamera_hw_pl,sec+0004-0003
01567d24ac90546d,17802.25,41.61,-10538.47,sign.1084,speedcamera_hw_pl,sec+0004-0003
5c505c1dd1870001,17904.46,6.49,-31606.25,sign.poc_5g0eb,speed_camera_02_poc,sec+0004-0008
5c505c64c3070001,17829.87,6.09,-31568.51,sign.poc_5g0eb,speed_camera_02_poc,sec+0004-0008
5c505e4f2b070001,16384.96,8.83,-33224.73,sign.poc_5g0eb,speed_camera_02_poc,sec+0004-0009
5c505e8aae070001,16415.76,8.53,-33021.19,sign.poc_5g0eb,speed_camera_02_poc,sec+0004-0009
5d551dce4cc00000,16763.81,21.78,-62155.23,sign.poc_5g0eb,speed_camera_02_poc,sec+0004-0016
5d5562034a400000,16714.94,26.2,-60087.49,sign.poc_5g0eb,speed_camera_02_poc,sec+0004-0016
5d31a1b363870001,18561.79,10.89,-67125.46,sign.poc_5g0eb,speed_camera_02_poc,sec+0004-0017
5d31a95207070001,17153.73,11.89,-64703.99,sign.poc_5g0eb,speed_camera_02_poc,sec+0004-0017
5d31aacf7f870001,17677.85,10.66,-67365.14,sign.poc_5g0eb,speed_camera_02_poc,sec+0004-0017
5d31bb381b070001,16738.24,26.05,-71666.2,sign.poc_5g0eb,speed_camera_02_poc,sec+0004-0018
5c289b0f95c10001,18150.63,30.63,-90840.53,sign.blke_428,speedcamera_hw_tr,sec+0004-0023
5c5077ecf6870001,16148.5,11.67,-104816.73,sign.poc_5g0ec,speed_camera_01_no_poc,sec+0004-0027
01567d2412a06043,23812.27,74.55,13386.73,sign.1085,speedcamera_hw_sk,sec+0005+0003
4d15673895300001,22508.37,20.58,26994.49,sign.blke_428,speedcamera_hw_tr,sec+0005+0006
4d15c3a4ebf00000,22549.61,20.88,26695.6,sign.blke_428,speedcamera_hw_tr,sec+0005+0006
4d294bfcf2300001,22695.96,13.63,24189.16,sign.blke_428a,speedcamera_hw_tr,sec+0005+0006
4d96054c7b470002,21716.84,13.43,27987.8,sign.blkw_370ob,hr_speed_camera_v3,sec+0005+0006
2260d5a4edcd0001,23359.67,25.52,59187.79,sign.dlc_it_320,speedcamera_small_02_orange_it,sec+0005+0014
2260d5cc550d0001,23373.05,25.52,59151.14,sign.dlc_it_320,speedcamera_small_02_orange_it,sec+0005+0014
2260d6c4a98d0000,20156.62,21.15,60194.1,sign.dlc_it_321,speedcamera_small_03_hw_it,sec+0005+0015
2260d1789c4d0001,23232.59,-0.9,66636.53,sign.dlc_it_321,speedcamera_small_03_hw_it,sec+0005+0016
2260d1d0a9cd0001,23565.37,-0.75,66533.19,sign.dlc_it_321,speedcamera_small_03_hw_it,sec+0005+0016
2260a7346dcd0001,20754.71,42.21,69576.97,sign.dlc_it_321,speedcamera_small_03_hw_it,sec+0005+0017
2260a778538d0001,20519.07,42.2,69819.51,sign.dlc_it_321,speedcamera_small_03_hw_it,sec+0005+0017
01567d24c0f066f1,23848.63,21.04,-479.05,sign.1084,speedcamera_hw_pl,sec+0005-0001
01567d24eba06239,21413.9,5.69,-1781.88,sign.1084,speedcamera_hw_pl,sec+0005-0001
01567d241570699b,20609.08,15.66,-8937.08,sign.1084,speedcamera_hw_pl,sec+0005-0003
01567d24f3e06837,22018.16,1.29,-8537.97,sign.1084,speedcamera_hw_pl,sec+0005-0003
01567d2417e06dc9,22953.62,36.42,-20984.64,sign.1084,speedcamera_hw_pl,sec+0005-0006
01567d24c3506db7,22676.05,31.23,-21009.2,sign.1084,speedcamera_hw_pl,sec+0005-0006
0382fdf2399a0001,20037.56,9.39,-41332.33,sign.poc_5g0eb,speed_camera_02_poc,sec+0005-0011
0382fe43fbba0000,20082.3,10.69,-41285.6,sign.poc_5g0eb,speed_camera_02_poc,sec+0005-0011
5c506782a5070001,21098.65,14.53,-50615.64,sign.poc_5g0eb,speed_camera_02_poc,sec+0005-0013
5c5067ac52070001,21087.02,14.53,-50620.25,sign.poc_5g0eb,speed_camera_02_poc,sec+0005-0013
01567d2420d06fc7,26201.44,100.61,6570.28,sign.1011,speedcamera_hw_cz,sec+0006+0001
01567d24e6306fa3,26344.13,95.85,6578.16,sign.1011,speedcamera_hw_cz,sec+0006+0001
01567d2486b072a9,27921.17,122.29,9218.3,sign.1085,speedcamera_hw_sk,sec+0006+0002
01567d241c1074a9,24855.64,66.18,14452.83,sign.1085,speedcamera_hw_sk,sec+0006+0003
01567d24818074a7,24867.5,66.12,14483.35,sign.1085,speedcamera_hw_sk,sec+0006+0003
01567d2489207533,24121.32,66.23,13883.22,sign.1085,speedcamera_hw_sk,sec+0006+0003
01567d24f40075c9,24448.59,60.54,14878.5,sign.1085,speedcamera_hw_sk,sec+0006+0003
01567d245f4079ef,27016.94,63.88,17421.62,sign.1158,speedcamera_hw_hu,sec+0006+0004
01567d24c7707a0f,27088.81,56.28,17236.32,sign.1158,speedcamera_hw_hu,sec+0006+0004
4d95fae478c70001,25391.68,16.23,33317.96,sign.blkw_370o8,ba_speed_camera,sec+0006+0008
4d95fbe4f2c70001,25662.31,27.68,35121.53,sign.blkw_370o8,ba_speed_camera,sec+0006+0008
2260d328f1cd0001,24236.77,7.05,54459.95,sign.dlc_it_320,speedcamera_small_02_orange_it,sec+0006+0013
2260d4c0250d0001,25639.79,20.79,57945.88,sign.dlc_it_320,speedcamera_small_02_orange_it,sec+0006+0014
01567d241b907bc9,24326.1,21.6,-510.16,sign.1084,speedcamera_hw_pl,sec+0006-0001
01567d247b007c57,24560.3,-1.06,-2919.76,sign.1084,speedcamera_hw_pl,sec+0006-0001
01567d24d2007d61,24478.37,2.26,-2810.17,sign.1084,speedcamera_hw_pl,sec+0006-0001
5c680ed150440001,24622.82,11.62,-70299.95,sign.1498,speedcamera_hw_swe,sec+0006-0018
01567d24a45087b3,30724.84,90.42,3028.39,sign.1084,speedcamera_hw_pl,sec+0007+0000
01567d24f1e087b5,30599.05,90.52,3037.54,sign.1084,speedcamera_hw_pl,sec+0007+0000
01567d2429908c31,28551.51,82.33,5710.83,sign.1011,speedcamera_hw_cz,sec+0007+0001
01567d246d808d3b,28500.1,82.34,5681.64,sign.1011,speedcamera_hw_cz,sec+0007+0001
01567d245330914d,28163.38,127.75,9289.31,sign.1085,speedcamera_hw_sk,sec+0007+0002
01567d246a209173,30105.14,75.81,12761.97,sign.1085,speedcamera_hw_sk,sec+0007+0003
01567d24eec09309,30093.34,72.73,12816.85,sign.1085,speedcamera_hw_sk,sec+0007+0003
01567d2442509379,31576.56,33.68,18913.76,sign.1158,speedcamera_hw_hu,sec+0007+0004
01567d248e309377,31590.56,34.6,18955.98,sign.1158,speedcamera_hw_hu,sec+0007+0004
044e23f886f80001,28437.29,19.48,21949.73,sign.1158,speedcamera_hw_hu,sec+0007+0005
044e24191e980001,28436.96,19.45,21951.46,sign.1158,speedcamera_hw_hu,sec+0007+0005
4c45fc88d6060421,29021.73,23.23,35821.52,sign.blkw_370o8,ba_speed_camera,sec+0007+0008
4d9602006dc70001,29935.23,25.43,35891.29,sign.blkw_370o8,ba_speed_camera,sec+0007+0008
4d96026c97c70001,29815.4,26.57,35779.83,sign.blkw_370o8,ba_speed_camera,sec+0007+0008
4d9603443b470001,30312.64,16.08,38651.36,sign.blkw_370o8,ba_speed_camera,sec+0007+0009
4e603f2c62590000,30324.43,16.07,38699.75,sign.blkw_370o8,ba_speed_camera,sec+0007+0009
4d931f08b9c70001,28724.65,42.92,43864.83,sign.blkw_370oa,hr_speed_camera_v2,sec+0007+0010
4d9603ecb6470001,29656.26,61.11,44518.74,sign.blkw_370oa,hr_speed_camera_v2,sec+0007+0011
01567d2524309823,31879.25,13.61,-6033.44,sign.1084,speedcamera_hw_pl,sec+0007-0002
01567d2578d097e9,31888.92,8.16,-6164.64,sign.1084,speedcamera_hw_pl,sec+0007-0002
01567d25c6309839,31027.54,11.26,-7463.56,sign.1084,speedcamera_hw_pl,sec+0007-0002
01567d25f1b0963d,30513.52,11.27,-7447.78,sign.1084,speedcamera_hw_pl,sec+0007-0002
01567d2502d09bbf,29505.66,27.2,-14304.42,sign.1084,speedcamera_hw_pl,sec+0007-0004
01567d25cb309a8f,29254.68,27.2,-14620.71,sign.1084,speedcamera_hw_pl,sec+0007-0004
01567d2501c09fb3,30388.98,39.55,-19207.44,sign.1084,speedcamera_hw_pl,sec+0007-0005
01567d2505a09e05,30613.24,39.53,-19194.69,sign.1084,speedcamera_hw_pl,sec+0007-0005
58498b9f0d440000,30585.41,40.96,-92511.68,sign.poc_5g0eb,speed_camera_02_poc,sec+0007-0024
58552d871a440000,29556.43,47.82,-93383.13,sign.poc_5g0eb,speed_camera_02_poc,sec+0007-0024
58553cf21fc40003,29309.42,46.38,-93129.53,sign.poc_5g0eb,speed_camera_02_poc,sec+0007-0024
589e8aab9a440000,30564.8,41.06,-92547.37,sign.poc_5g0eb,speed_camera_02_poc,sec+0007-0024
5c5060d265070001,29322.65,44.34,-97141.03,sign.poc_5g0eb,speed_camera_02_poc,sec+0007-0025
5c50619df9070001,29544.06,48.75,-96873.77,sign.poc_5g0eb,speed_camera_02_poc,sec+0007-0025
5c5061d29d870001,29611.03,48.83,-96777.72,sign.poc_5g0eb,speed_camera_02_poc,sec+0007-0025
5d31aff1a8070001,29048.62,46.37,-97407.75,sign.poc_5g0eb,speed_camera_02_poc,sec+0007-0025
5d31b25ea2870001,28945.72,48.25,-97660.96,sign.poc_5g0eb,speed_camera_02_poc,sec+0007-0025
01567d25a9f0aca5,32171.46,67.48,10851.57,sign.1085,speedcamera_hw_sk,sec+0008+0002
01567d25db70abb7,32234.6,67.82,10873.26,sign.1085,speedcamera_hw_sk,sec+0008+0002
01567d254240b37b,32754.65,34.88,18609.69,sign.1158,speedcamera_hw_hu,sec+0008+0004
01567d257ec0b5cf,32416.45,29.85,17232.15,sign.1158,speedcamera_hw_hu,sec+0008+0004
01567d258400b24b,32799.19,30.99,18511.39,sign.1158,speedcamera_hw_hu,sec+0008+0004
01567d258ba0b28b,32439.22,29.77,17248.09,sign.1158,speedcamera_hw_hu,sec+0008+0004
044f88e9b9e70000,33814.91,34.24,19913.47,sign.1158,speedcamera_hw_hu,sec+0008+0004
044f8896b0f70001,34065.07,34.24,20142.12,sign.1158,speedcamera_hw_hu,sec+0008+0005
4c9b984c8ae00001,34747.05,11.24,45709.37,sign.1011,speedcamera_hw_cz,sec+0008+0011
4c9b989851600000,34789.61,11.56,45457.07,sign.1011,speedcamera_hw_cz,sec+0008+0011
01567d2573c0b6c3,32271.67,-0.39,-2530.24,sign.1084,speedcamera_hw_pl,sec+0008-0001
01567d25c3a0b6c5,32234.98,-0.29,-2531.03,sign.1084,speedcamera_hw_pl,sec+0008-0001
01567d25a1a0b9bb,35829.59,31.22,-7430.49,sign.1084,speedcamera_hw_pl,sec+0008-0002
01567d254d60bd0d,35994.95,35.05,-9061.61,sign.1084,speedcamera_hw_pl,sec+0008-0003
299b9488a3410003,35115.95,18.34,-59313.54,sign.dlc_balt_874,speedcamera_01_fi,sec+0008-0015
299b9488a9410009,35845.81,4.4,-57527.64,sign.dlc_balt_874,speedcamera_01_fi,sec+0008-0015
299b9488ad810005,35152.97,20.85,-58746.39,sign.dlc_balt_874,speedcamera_01_fi,sec+0008-0015
299b948814010001,34822.94,12.79,-60840.23,sign.dlc_balt_874,speedcamera_01_fi,sec+0008-0016
299b94882a010000,34591.56,7.18,-61558.14,sign.dlc_balt_874,speedcamera_01_fi,sec+0008-0016
299b9488c9810002,34842.65,12.57,-60797.75,sign.dlc_balt_874,speedcamera_01_fi,sec+0008-0016
4f7426195f96022f,35093.11,12.71,-62812.41,sign.dlc_balt_874,speedcamera_01_fi,sec+0008-0016
51b25b5c502f0000,35002.93,13.96,-62936.27,sign.dlc_balt_874,speedcamera_01_fi,sec+0008-0016
50aa8fb2432f0001,33380.26,15.84,-66392.44,sign.dlc_balt_874,speedcamera_01_fi,sec+0008-0017
4e3c7098f9400001,35975.38,3.37,-73201.7,sign.dlc_balt_874,speedcamera_01_fi,sec+0008-0019
57e57215f1440001,34164.9,14.8,-87911.26,sign.poc_5g0eb,speed_camera_02_poc,sec+0008-0022
58060fad2b440000,34160.58,15.22,-87615.84,sign.poc_5g0eb,speed_camera_02_poc,sec+0008-0022
4edf1943729804e1,34081.81,19.43,-89301.2,sign.poc_5g0eb,speed_camera_02_poc,sec+0008-0023
589e0ad057c40000,34359.21,15.21,-89065.94,sign.poc_5g0eb,speed_camera_02_poc,sec+0008-0023
5d31b7d86f870001,35113.65,17.83,-94091.88,sign.poc_5g0eb,speed_camera_02_poc,sec+0008-0024
01567d254c20c2bd,38494.68,102.66,3474.89,sign.1084,speedcamera_hw_pl,sec+0009+0000
01567d25c630c1e3,37894.18,99.77,3270.13,sign.1084,speedcamera_hw_pl,sec+0009+0000
01567d252610c917,37011.25,150.2,11840.25,sign.1085,speedcamera_hw_sk,sec+0009+0002
01567d25a660c91d,36964.9,157.55,11919.28,sign.1085,speedcamera_hw_sk,sec+0009+0002
01567d25b950c7bb,38609.39,113.44,9410.01,sign.1085,speedcamera_hw_sk,sec+0009+0002
01567d25bde0c695,37750.82,105.45,9316.62,sign.1085,speedcamera_hw_sk,sec+0009+0002
01567d2513b0ca77,39507.4,55.57,15535.64,sign.1158,speedcamera_hw_hu,sec+0009+0003
01567d255190ca59,39599.29,55.42,15561.91,sign.1158,speedcamera_hw_hu,sec+0009+0003
01567d252670cca5,37178.24,56.38,-2398.26,sign.1084,speedcamera_hw_pl,sec+0009-0001
01567d25b2a0cd5f,36865.62,58.53,-2304.13,sign.1084,speedcamera_hw_pl,sec+0009-0001
01567d257770ce49,36089.1,31.47,-7462.14,sign.1084,speedcamera_hw_pl,sec+0009-0002
01567d25b320d319,36288.66,36.72,-9419.44,sign.1084,speedcamera_hw_pl,sec+0009-0003
01567d25bba0d1e5,36778.45,45.2,-10344.23,sign.1084,speedcamera_hw_pl,sec+0009-0003
01567d25bdb0d1e3,36814.81,42.91,-10310.29,sign.1084,speedcamera_hw_pl,sec+0009-0003
01567d2567b0d651,39071.04,53.29,-18229.54,sign.1084,speedcamera_hw_pl,sec+0009-0005
01567d25ad20d619,38830.02,47.54,-18124.78,sign.1084,speedcamera_hw_pl,sec+0009-0005
299b948850010038,36119.92,6.69,-28762.08,sign.dlc_balt_876,speedcamera_01_lt,sec+0009-0008
299b9488a2810036,38626.93,8.14,-30927.61,sign.dlc_balt_876,speedcamera_01_lt,sec+0009-0008
299b9488e0c10037,36654.52,6.96,-28988.96,sign.dlc_balt_876,speedcamera_01_lt,sec+0009-0008
299b9488d0810034,39556.06,6.22,-34684.31,sign.dlc_balt_877,speedcamera_01_lv,sec+0009-0009
299b94883ac1000a,38042.59,6.12,-57843.57,sign.dlc_balt_874,speedcamera_01_fi,sec+0009-0015
299b94885cc10008,38268.25,5.98,-58045.24,sign.dlc_balt_874,speedcamera_01_fi,sec+0009-0015
299b94887c01000b,39774.27,8.39,-59627.62,sign.dlc_balt_874,speedcamera_01_fi,sec+0009-0015
299b9488d4010004,36013.97,6.23,-60683.08,sign.dlc_balt_874,speedcamera_01_fi,sec+0009-0016
299b9488d5410006,36907.18,7.26,-60240.58,sign.dlc_balt_874,speedcamera_01_fi,sec+0009-0016
299b9488ff010007,37512.66,5.22,-60122.42,sign.dlc_balt_874,speedcamera_01_fi,sec+0009-0016
50a00065e0b00001,37023.0,8.43,-66980.82,sign.dlc_balt_874,speedcamera_01_fi,sec+0009-0017
50c081d6c2b00000,37164.96,2.53,-64316.02,sign.dlc_balt_874,speedcamera_01_fi,sec+0009-0017
5b00fa5277420001,37657.2,6.62,-70367.47,sign.dlc_balt_874,speedcamera_01_fi,sec+0009-0018
5878ebed63920001,37243.74,6.77,-74513.83,sign.dlc_balt_874,speedcamera_01_fi,sec+0009-0019
01567d2596a0d70f,41679.16,102.86,2635.72,sign.1084,speedcamera_hw_pl,sec+0010+0000
01567d25cc50d799,41565.6,101.12,2729.03,sign.1084,speedcamera_hw_pl,sec+0010+0000
01567d25ca80d961,40278.16,86.59,10448.49,sign.1085,speedcamera_hw_sk,sec+0010+0002
01567d25faf0d95f,40308.47,89.34,10321.28,sign.1085,speedcamera_hw_sk,sec+0010+0002
01567d254320de77,41600.91,66.14,16731.58,sign.1158,speedcamera_hw_hu,sec+0010+0004
01567d25f760dcd7,41702.03,69.11,16851.31,sign.1158,speedcamera_hw_hu,sec+0010+0004
4ececce801470001,40529.69,12.23,31229.23,sign.blkw_370o7,rs_speed_camera_hw,sec+0010+0007
53f090dde2280001,43566.3,129.7,60356.73,sign.ch_37009,speed_camera_v3_ch,sec+0010+0015
53f0927ab1a80000,43566.3,129.7,60359.0,sign.ch_37009,speed_camera_v3_ch,sec+0010+0015
570fe48bd2070001,43365.18,90.54,62015.04,sign.greece_5g02l,speedcamera_v01_gr,sec+0010+0015
01567d256a70e0df,43901.02,64.29,-5736.51,sign.1084,speedcamera_hw_pl,sec+0010-0002
01567d2599b0e02f,43818.6,64.79,-5644.6,sign.1084,speedcamera_hw_pl,sec+0010-0002
01567d2566d0e46d,43508.41,42.03,-14973.25,sign.1084,speedcamera_hw_pl,sec+0010-0004
01567d25d790e447,43303.43,41.04,-14888.89,sign.1084,speedcamera_hw_pl,sec+0010-0004
299b94880a81003b,43252.77,20.14,-22025.45,sign.dlc_balt_876,speedcamera_01_lt,sec+0010-0006
299b94886101003a,43756.96,17.4,-25312.17,sign.dlc_balt_876,speedcamera_01_lt,sec+0010-0007
299b9488f3010039,43727.05,17.4,-25304.48,sign.dlc_balt_876,speedcamera_01_lt,sec+0010-0007
299b948827810035,40802.26,6.57,-31199.38,sign.dlc_balt_876,speedcamera_01_lt,sec+0010-0008
299b948864410032,43470.32,5.96,-35881.05,sign.dlc_balt_877,speedcamera_01_lv,sec+0010-0009
299b948883c10033,43457.45,5.96,-35871.87,sign.dlc_balt_877,speedcamera_01_lv,sec+0010-0009
299b94889f010031,43686.12,7.11,-33784.77,sign.dlc_balt_877,speedcamera_01_lv,sec+0010-0009
299b94880f010010,42977.76,13.32,-55594.5,sign.dlc_balt_874,speedcamera_01_fi,sec+0010-0014
299b94880a410011,41800.31,16.4,-57202.07,sign.dlc_balt_874,speedcamera_01_fi,sec+0010-0015
299b948879810012,41997.67,16.4,-57085.81,sign.dlc_balt_874,speedcamera_01_fi,sec+0010-0015
299b9488d1c1000f,43130.96,8.01,-56314.48,sign.dlc_balt_874,speedcamera_01_fi,sec+0010-0015
299b948822010018,43160.95,10.1,-61008.69,sign.dlc_balt_874,speedcamera_01_fi,sec+0010-0016
299b9488bd010017,43053.51,12.6,-61028.67,sign.dlc_balt_874,speedcamera_01_fi,sec+0010-0016
299b9488d4c10019,42105.75,12.01,-62331.62,sign.dlc_balt_874,speedcamera_01_fi,sec+0010-0016
32674f3c250a0001,46332.78,11.24,18192.82,sign.dlc_blke_741,speedcamera_02_ro_blke,sec+0011+0004
32675bd8578a0000,46343.64,11.25,18203.4,sign.dlc_blke_741,speedcamera_02_ro_blke,sec+0011+0004
4c07f79cee2f0001,46187.4,37.3,42041.21,sign.blkw_370o6,rs_speed_camera,sec+0011+0010
4c07f80c4aaf0000,46308.08,37.18,42443.16,sign.blkw_370o6,rs_speed_camera,sec+0011+0010
5707e18774070001,45224.0,95.59,58518.68,sign.greece_5g02l,speedcamera_v01_gr,sec+0011+0014
5591e15118b00001,47290.12,31.83,62888.8,sign.ch_37009,speed_camera_v3_ch,sec+0011+0015
5591e2ab87300001,47155.54,32.14,62717.62,sign.ch_37009,speed_camera_v3_ch,sec+0011+0015
2a1ef530cc410076,46036.4,5.64,-28180.53,sign.dlc_balt_876,speedcamera_01_lt,sec+0011-0008
299b94888bc10030,45140.42,9.27,-34070.71,sign.dlc_balt_877,speedcamera_01_lv,sec+0011-0009
299b94881e010024,45469.53,8.98,-37245.66,sign.dlc_balt_877,speedcamera_01_lv,sec+0011-0010
299b948841c10022,45328.15,6.38,-38284.68,sign.dlc_balt_877,speedcamera_01_lv,sec+0011-0010
299b948877010028,45357.29,2.64,-36691.9,sign.dlc_balt_877,speedcamera_01_lv,sec+0011-0010
299b9488b0c10027,45353.57,2.65,-36715.04,sign.dlc_balt_877,speedcamera_01_lv,sec+0011-0010
299b9488fc410023,45361.77,6.38,-38249.94,sign.dlc_balt_877,speedcamera_01_lv,sec+0011-0010
299b94880c810021,45155.69,8.3,-40064.68,sign.dlc_balt_877,speedcamera_01_lv,sec+0011-0011
299b9488a581001e,44448.68,4.28,-46110.85,sign.dlc_balt_875,speedcamera_01_est,sec+0011-0012
299b9488d981001d,47409.67,6.6,-48812.43,sign.dlc_balt_875,speedcamera_01_est,sec+0011-0013
299b948838c1000e,44640.32,2.69,-57117.8,sign.dlc_balt_874,speedcamera_01_fi,sec+0011-0015
299b94884481000c,46033.16,7.51,-56158.68,sign.dlc_balt_874,speedcamera_01_fi,sec+0011-0015
299b9488db41000d,44644.53,2.73,-57085.98,sign.dlc_balt_874,speedcamera_01_fi,sec+0011-0015
299b948805c10016,44754.66,16.85,-60771.89,sign.dlc_balt_874,speedcamera_01_fi,sec+0011-0016
299b94880e410015,44645.71,17.04,-60694.93,sign.dlc_balt_874,speedcamera_01_fi,sec+0011-0016
32674b70efcf0001,51887.45,10.25,33196.0,sign.dlc_blke_741,speedcamera_02_ro_blke,sec+0012+0008
32675d30ff0f0001,51861.23,10.36,33170.34,sign.dlc_blke_741,speedcamera_02_ro_blke,sec+0012+0008
3288506417ca0001,50745.11,8.16,38255.05,sign.dlc_blke_740,speedcamera_01_bg_blke,sec+0012+0009
32885088540a0001,50732.48,8.67,38297.34,sign.dlc_blke_740,speedcamera_01_bg_blke,sec+0012+0009
32885580314a0001,50526.32,27.69,43666.58,sign.dlc_blke_740,speedcamera_01_bg_blke,sec+0012+0010
328857f81bca0000,50525.11,27.71,43665.73,sign.dlc_blke_740,speedcamera_01_bg_blke,sec+0012+0010
570fe13d02870001,51429.78,18.93,66334.1,sign.greece_5g02n,speedcamera_v03_gr,sec+0012+0016
570fe19eb1070001,51439.34,19.38,66336.32,sign.greece_5g02l,speedcamera_v01_gr,sec+0012+0016
582ad99623070001,50283.09,18.62,67867.74,sign.greece_5g02l,speedcamera_v01_gr,sec+0012+0016
5708b18f6d070001,49589.15,41.73,74577.07,sign.greece_5g02l,speedcamera_v01_gr,sec+0012+0018
299b94883bc1003c,48889.21,11.95,-26111.71,sign.dlc_balt_876,speedcamera_01_lt,sec+0012-0007
299b94888101003d,49305.5,11.81,-26245.29,sign.dlc_balt_876,speedcamera_01_lt,sec+0012-0007
299b94888241003e,49414.95,11.81,-26217.49,sign.dlc_balt_876,speedcamera_01_lt,sec+0012-0007
299b94889c010040,49972.6,10.38,-24232.42,sign.dlc_balt_876,speedcamera_01_lt,sec+0012-0007
299b9488b281003f,50053.68,10.53,-24508.31,sign.dlc_balt_876,speedcamera_01_lt,sec+0012-0007
299b9488d2c10041,49767.88,12.65,-25376.86,sign.dlc_balt_876,speedcamera_01_lt,sec+0012-0007
299b94886101002f,51386.25,4.59,-30131.49,sign.dlc_balt_876,speedcamera_01_lt,sec+0012-0008
299b9488d1c10043,48538.59,5.24,-28390.82,sign.dlc_balt_876,speedcamera_01_lt,sec+0012-0008
299b9488fd410044,48666.2,5.18,-28532.17,sign.dlc_balt_876,speedcamera_01_lt,sec+0012-0008
299b94880f410029,51439.35,3.32,-35576.0,sign.dlc_balt_877,speedcamera_01_lv,sec+0012-0009
299b94885081002a,51384.58,3.14,-35557.08,sign.dlc_balt_877,speedcamera_01_lv,sec+0012-0009
29b6c9e03bc101aa,48470.71,12.42,-38853.88,sign.dlc_balt_877,speedcamera_01_lv,sec+0012-0010
29b6c9e0c0010126,48393.05,12.46,-38809.02,sign.dlc_balt_877,speedcamera_01_lv,sec+0012-0010
299b9488c0c10020,48574.19,11.06,-47453.01,sign.dlc_balt_875,speedcamera_01_est,sec+0012-0012
299b9488d681001f,48503.2,11.08,-47501.21,sign.dlc_balt_875,speedcamera_01_est,sec+0012-0012
299b9488fec1001c,51023.34,5.04,-52034.29,sign.dlc_balt_875,speedcamera_01_est,sec+0012-0014
299b948833810014,49808.6,11.35,-59727.57,sign.dlc_balt_874,speedcamera_01_fi,sec+0012-0015
299b9488c8810013,49800.86,11.36,-59714.98,sign.dlc_balt_874,speedcamera_01_fi,sec+0012-0015
29fb53c8424a0001,49007.33,16.9,-60341.49,sign.dlc_balt_874,speedcamera_01_fi,sec+0012-0016
5a49e77608300001,50096.48,7.45,-68004.14,sign.dlc_balt_874,speedcamera_01_fi,sec+0012-0018
3267617cf38a0001,52804.73,10.23,21191.37,sign.dlc_blke_741,speedcamera_02_ro_blke,sec+0013+0005
32676184e98a0001,52807.48,10.23,21203.45,sign.dlc_blke_741,speedcamera_02_ro_blke,sec+0013+0005
326765ac2c0a0002,54545.49,13.2,21547.71,sign.dlc_blke_741,speedcamera_02_ro_blke,sec+0013+0005
326765ac310a0003,54541.97,13.19,21570.83,sign.dlc_blke_741,speedcamera_02_ro_blke,sec+0013+0005
328863640c4a0001,53819.09,45.44,43948.98,sign.dlc_blke_740,speedcamera_01_bg_blke,sec+0013+0010
32886400030a0001,54350.11,24.44,43830.75,sign.dlc_blke_740,speedcamera_01_bg_blke,sec+0013+0010
570fe0979d070001,52100.64,39.62,53172.65,sign.greece_5g02l,speedcamera_v01_gr,sec+0013+0013
570fe289bf070001,55934.48,36.29,69073.44,sign.greece_5g02l,speedcamera_v01_gr,sec+0013+0017
299b94886441002e,53524.62,8.03,-32265.08,sign.dlc_balt_877,speedcamera_01_lv,sec+0013-0009
299b9488a281001b,52760.57,7.05,-52256.61,sign.dlc_balt_875,speedcamera_01_est,sec+0013-0014
299b9488dc81001a,52834.21,6.13,-52283.9,sign.dlc_balt_875,speedcamera_01_est,sec+0013-0014
326769ac8e4a0002,56429.51,21.79,22815.52,sign.dlc_blke_741,speedcamera_02_ro_blke,sec+0014+0005
326769acfb4a0003,56433.32,21.74,22828.93,sign.dlc_blke_741,speedcamera_02_ro_blke,sec+0014+0005
32c2be88314a0001,56068.82,21.38,44160.3,sign.dlc_blke_740,speedcamera_01_bg_blke,sec+0014+0011
570fe39c1e070001,59924.82,44.61,85377.64,sign.greece_5g02l,speedcamera_v01_gr,sec+0014+0021
430812ccd9070000,59534.24,13.96,-45245.3,sign.rus_14031,r1_speedcamera_var1_ru,sec+0014-0012
32629f784f8b0001,60601.52,20.92,33156.05,sign.dlc_blke_741,speedcamera_02_ro_blke,sec+0015+0008
3262a0402a0b0001,60627.41,20.8,33181.01,sign.dlc_blke_741,speedcamera_02_ro_blke,sec+0015+0008
3262b240bec90001,60327.24,36.71,36903.82,sign.dlc_blke_740,speedcamera_01_bg_blke,sec+0015+0009
328841f849490000,60317.44,36.75,36895.06,sign.dlc_blke_740,speedcamera_01_bg_blke,sec+0015+0009
5708b7184c070001,60346.99,32.97,50893.66,sign.greece_5g02l,speedcamera_v01_gr,sec+0015+0012
4308121006870000,60731.91,12.32,-46478.06,sign.rus_14031,r1_speedcamera_var1_ru,sec+0015-0012
328dc704e5090001,64106.82,10.49,37239.58,sign.dlc_blke_740,speedcamera_01_bg_blke,sec+0016+0009
328dc72c37490000,64120.84,10.25,37245.84,sign.dlc_blke_740,speedcamera_01_bg_blke,sec+0016+0009
328dc32434c90001,64957.16,12.75,43132.41,sign.dlc_blke_740,speedcamera_01_bg_blke,sec+0016+0010
328dc34caa890000,64944.48,12.76,43137.91,sign.dlc_blke_740,speedcamera_01_bg_blke,sec+0016+0010
31efc8641b150001,65496.05,19.87,46549.97,sign.blke_428a,speedcamera_hw_tr,sec+0016+0011
570fe02ddb870001,64079.35,55.05,85672.59,sign.greece_5g02l,speedcamera_v01_gr,sec+0016+0021
413739d054560000,65391.92,0.03,-58228.66,sign.1046,speedcamera_hw_ch,sec+0016-0015
413739d072560001,65414.63,3.2,-58222.36,sign.1046,speedcamera_hw_ch,sec+0016-0015
328db6f0ca940001,68472.26,11.3,39721.21,sign.dlc_blke_740,speedcamera_01_bg_blke,sec+0017+0009
328dbf0cb3140000,68467.69,11.31,39743.45,sign.dlc_blke_740,speedcamera_01_bg_blke,sec+0017+0009
328dc2745e540001,69336.66,21.14,38401.41,sign.dlc_blke_740,speedcamera_01_bg_blke,sec+0017+0009
328dce68a1140001,68805.54,6.97,41476.33,sign.dlc_blke_740,speedcamera_01_bg_blke,sec+0017+0010
328dce9cc7140000,68817.04,6.69,41522.81,sign.dlc_blke_740,speedcamera_01_bg_blke,sec+0017+0010
31d4d1ace8550001,68293.95,14.4,49850.81,sign.blke_427a,speedcamera_r1_tr,sec+0017+0012
318a72b8d8850000,75725.36,39.03,47103.28,sign.blke_428,speedcamera_hw_tr,sec+0018+0011
318a74785d450000,75595.4,33.63,47051.13,sign.blke_428,speedcamera_hw_tr,sec+0018+0011
318a74e49b050000,74925.88,29.55,46676.84,sign.blke_428,speedcamera_hw_tr,sec+0018+0011
318a753cc4050000,74805.39,26.25,46803.71,sign.blke_428,speedcamera_hw_tr,sec+0018+0011
318a7624e7050000,74548.84,21.95,46924.95,sign.blke_428,speedcamera_hw_tr,sec+0018+0011
318a76700c050000,74543.07,21.78,46963.36,sign.blke_428,speedcamera_hw_tr,sec+0018+0011
318a771420450001,75179.79,28.35,46910.62,sign.blke_427,speedcamera_hw3_tr,sec+0018+0011
31a03878be450000,75425.23,32.13,46896.41,sign.blke_428,speedcamera_hw_tr,sec+0018+0011
31a95420a0c50001,74974.97,22.75,47871.29,sign.blke_427,speedcamera_hw3_tr,sec+0018+0011
3287b76ca1850000,75716.63,39.48,47142.05,sign.blke_428,speedcamera_hw_tr,sec+0018+0011
3287d17877850000,75502.72,31.76,46966.7,sign.blke_428,speedcamera_hw_tr,sec+0018+0011
328cbba43dc50000,75207.12,35.44,46751.41,sign.blke_428,speedcamera_hw_tr,sec+0018+0011
328cbd5c56450000,75331.67,34.08,46820.54,sign.blke_428,speedcamera_hw_tr,sec+0018+0011
328cc7ec39c50000,75060.25,33.37,46714.23,sign.blke_428,speedcamera_hw_tr,sec+0018+0011
328cd330d3c50000,74933.47,29.46,46714.11,sign.blke_428,speedcamera_hw_tr,sec+0018+0011
328cdc3009050000,74680.07,23.85,46919.02,sign.blke_428,speedcamera_hw_tr,sec+0018+0011
328ce43cc1850000,74443.07,18.96,46947.08,sign.blke_428,speedcamera_hw_tr,sec+0018+0011
328d064835850000,75603.85,32.94,47009.11,sign.blke_428,speedcamera_hw_tr,sec+0018+0011
328d1d04a0c50000,75207.55,35.88,46716.89,sign.blke_428,speedcamera_hw_tr,sec+0018+0011
328d1dcc34c50000,75042.1,33.03,46672.83,sign.blke_428,speedcamera_hw_tr,sec+0018+0011
328d22b48d450000,74808.81,26.82,46745.86,sign.blke_428,speedcamera_hw_tr,sec+0018+0011
328d3e6482850000,74674.83,24.07,46877.78,sign.blke_428,speedcamera_hw_tr,sec+0018+0011
329c43b809050000,75118.56,18.03,47965.55,sign.blke_427,speedcamera_hw3_tr,sec+0018+0011
329c4668cd450000,75435.0,10.66,48154.44,sign.blke_427,speedcamera_hw3_tr,sec+0018+0012
329cf910b2c50000,75323.79,9.74,48081.58,sign.blke_427,speedcamera_hw3_tr,sec+0018+0012
318a6fbcb2450001,76507.14,33.36,47332.95,sign.blke_428,speedcamera_hw_tr,sec+0019+0011
318a707484450000,76871.77,26.26,47223.58,sign.blke_428,speedcamera_hw_tr,sec+0019+0011
318a718495850000,76877.31,26.03,47182.69,sign.blke_428,speedcamera_hw_tr,sec+0019+0011
318a7204a9850000,76163.88,39.28,47279.79,sign.blke_428,speedcamera_hw_tr,sec+0019+0011
328ca004d6c50000,76156.24,39.23,47312.13,sign.blke_428,speedcamera_hw_tr,sec+0019+0011
328ca07cccc50000,76309.66,36.74,47342.93,sign.blke_428,speedcamera_hw_tr,sec+0019+0011
328caae823c50000,76636.59,30.58,47304.41,sign.blke_428,speedcamera_hw_tr,sec+0019+0011
328cf07cc5850000,76978.83,25.88,47132.52,sign.blke_428,speedcamera_hw_tr,sec+0019+0011
328cf15c20c50000,76765.62,27.92,47217.19,sign.blke_428,speedcamera_hw_tr,sec+0019+0011
328cf204c4c50000,76625.09,30.68,47270.2,sign.blke_428,speedcamera_hw_tr,sec+0019+0011
328cf7e081050000,76546.17,32.34,47289.07,sign.blke_428,speedcamera_hw_tr,sec+0019+0011
328cf804b0050000,76415.06,34.89,47300.78,sign.blke_428,speedcamera_hw_tr,sec+0019+0011
328cff8825050000,76284.29,37.18,47307.21,sign.blke_428,speedcamera_hw_tr,sec+0019+0011
318a8460a2850001,77544.54,28.57,48708.07,sign.blke_428,speedcamera_hw_tr,sec+0019+0012
32a1c6d4f9050000,77520.62,24.43,48601.75,sign.blke_428,speedcamera_hw_tr,sec+0019+0012
54afb1c0a1200001,77823.41,5.76,76397.94,sign.blke_428,speedcamera_hw_tr,sec+0019+0019
22610d349a4d0001,-3660.5,67.34,28504.75,sign.dlc_it_318,speedcamera_small_01_it,sec-0001+0007
22610d785a0d0001,-3861.93,67.34,28403.21,sign.dlc_it_318,speedcamera_small_01_it,sec-0001+0007
223764c81b0d0001,-1975.53,36.05,33641.57,sign.dlc_it_319,speedcamera_3way_hw_02_it,sec-0001+0008
223764dcb9cd0000,-2027.72,36.05,33579.25,sign.dlc_it_319,speedcamera_3way_hw_02_it,sec-0001+0008
22607b1c554d0001,-2843.26,24.95,35290.73,sign.dlc_it_320,speedcamera_small_02_orange_it,sec-0001+0008
22607b687a8d0000,-2606.67,24.46,35146.86,sign.dlc_it_320,speedcamera_small_02_orange_it,sec-0001+0008
22606fb4dd0d0001,-2158.59,20.1,41005.29,sign.dlc_it_320,speedcamera_small_02_orange_it,sec-0001+0010
22607024df8d0001,-1896.53,16.12,40755.84,sign.dlc_it_320,speedcamera_small_02_orange_it,sec-0001+0010
22607e0cd38d0001,-887.71,20.07,40765.48,sign.dlc_it_320,speedcamera_small_02_orange_it,sec-0001+0010
22607e34dacd0001,-889.38,20.08,40829.86,sign.dlc_it_320,speedcamera_small_02_orange_it,sec-0001+0010
2cb8a94806cd0001,-1916.74,64.25,-4004.56,sign.1835,3lane_speedlimit_100_no_overtaking_trucks_60_sc,sec-0001-0001
2c1fa74455c30001,-607.4,46.24,-4524.24,sign.1046,speedcamera_hw_ch,sec-0001-0002
2c1fa93ca1830000,-592.3,46.24,-4539.06,sign.1046,speedcamera_hw_ch,sec-0001-0002
2c24619c60430004,-246.62,45.26,-4618.65,sign.1046,speedcamera_hw_ch,sec-0001-0002
2c24619ccec30002,-267.14,45.54,-4613.36,sign.1046,speedcamera_hw_ch,sec-0001-0002
2cb8aabca28d0000,-2107.12,63.63,-4368.8,sign.1835,3lane_speedlimit_100_no_overtaking_trucks_60_sc,sec-0001-0002
5c506dc3ee070001,-1532.42,59.65,-45336.25,sign.poc_5g0ec,speed_camera_01_no_poc,sec-0001-0012
5c506df45a070001,-1462.96,74.53,-50803.04,sign.poc_5g0ec,speed_camera_01_no_poc,sec-0001-0013
5c506e2ea8870001,-614.38,6.04,-50583.52,sign.poc_5g0ec,speed_camera_01_no_poc,sec-0001-0013
49ce0de47dcf2f28,-7012.69,48.97,4638.6,sign.1012,speedcamera_hw_de,sec-0002+0001
49ce0de4c5cf092c,-7006.88,50.79,4716.68,sign.1012,speedcamera_hw_de,sec-0002+0001
49cdd6b498cf06b9,-5055.75,42.52,8622.1,sign.1012,speedcamera_hw_de,sec-0002+0002
49cdd6b49dcf06b6,-5006.08,43.14,8609.57,sign.1012,speedcamera_hw_de,sec-0002+0002
514e5a2775870001,-5696.84,52.71,17839.85,sign.ch_37008,speed_camera_v2_ch,sec-0002+0004
2261086c3f4d0001,-5630.37,55.73,29866.73,sign.dlc_it_318,speedcamera_small_01_it,sec-0002+0007
226108983e4d0000,-5679.02,55.73,29825.39,sign.dlc_it_318,speedcamera_small_01_it,sec-0002+0007
22610970ce8d0001,-6381.23,56.08,30572.6,sign.dlc_it_316,speedcamera_3way_hw_01_it,sec-0002+0007
22610a34b14d0000,-7647.58,57.32,30237.79,sign.dlc_it_316,speedcamera_3way_hw_01_it,sec-0002+0007
22610b404c8d0000,-7624.75,53.12,28575.52,sign.dlc_it_318,speedcamera_small_01_it,sec-0002+0007
22610bbc944d0001,-6034.32,64.75,28062.32,sign.dlc_it_316,speedcamera_3way_hw_01_it,sec-0002+0007
22610c9c9e0d0001,-6256.87,62.64,28006.94,sign.dlc_it_316,speedcamera_3way_hw_01_it,sec-0002+0007
2260714c5a0d0001,-6574.74,20.43,34853.45,sign.dlc_it_318,speedcamera_small_01_it,sec-0002+0008
22607198f58d0001,-6642.26,20.43,34841.2,sign.dlc_it_318,speedcamera_small_01_it,sec-0002+0008
226072285acd0001,-7163.25,20.42,34130.74,sign.dlc_it_318,speedcamera_small_01_it,sec-0002+0008
226076804ccd0001,-7889.0,30.51,34211.5,sign.dlc_it_318,speedcamera_small_01_it,sec-0002+0008
01567d25f720252d,-7290.68,14.46,-15291.27,sign.1012,speedcamera_hw_de,sec-0002-0004
2826890c14d40000,-6802.09,27.06,-14596.7,sign.1012,speedcamera_hw_de,sec-0002-0004
55ae453f4c870001,-4286.28,13.81,-13204.87,sign.1012,speedcamera_hw_de,sec-0002-0004
55ae45baee070000,-4796.72,19.34,-13209.75,sign.1012,speedcamera_hw_de,sec-0002-0004
03882a60f24b0001,-4409.35,5.84,-27304.47,sign.1496,speedcamera_city_dk,sec-0002-0007
03882ae219ab0000,-4436.12,5.84,-27297.29,sign.1496,speedcamera_city_dk,sec-0002-0007
038823164e8b0001,-4098.86,5.74,-32861.95,sign.1496,speedcamera_city_dk,sec-0002-0009
0388235dfeab0000,-4138.86,5.68,-32932.83,sign.1496,speedcamera_city_dk,sec-0002-0009
5c506e63c5870001,-5449.82,13.72,-43063.08,sign.poc_5g0ec,speed_camera_01_no_poc,sec-0002-0011
5c506e8cc9870001,-5526.33,7.21,-42936.38,sign.poc_5g0ec,speed_camera_01_no_poc,sec-0002-0011
5c5076c79c870001,-7331.29,23.66,-51646.88,sign.poc_5g0ec,speed_camera_01_no_poc,sec-0002-0013
22610b08a00d0001,-8068.63,52.88,28994.57,sign.dlc_it_318,speedcamera_small_01_it,sec-0003+0007
22610e90440d0001,-10738.02,43.06,31731.52,sign.dlc_it_318,speedcamera_small_01_it,sec-0003+0007
22610eb093cd0000,-10986.67,43.06,31734.73,sign.dlc_it_318,speedcamera_small_01_it,sec-0003+0007
2260736c90cd0001,-8065.47,19.09,34088.52,sign.dlc_it_318,speedcamera_small_01_it,sec-0003+0008
5c5076e969070001,-8326.18,12.92,-43497.62,sign.poc_5g0ec,speed_camera_01_no_poc,sec-0003-0011
5c50770cf6870001,-8304.2,13.08,-43501.96,sign.poc_5g0ec,speed_camera_01_no_poc,sec-0003-0011
5c50779072070001,-10442.61,14.8,-46786.27,sign.poc_5g0ec,speed_camera_01_no_poc,sec-0003-0012
5c5077ba33070001,-10308.98,17.32,-46597.66,sign.poc_5g0ec,speed_camera_01_no_poc,sec-0003-0012
5c5075b91f870001,-10406.62,4.44,-56315.65,sign.poc_5g0ec,speed_camera_01_no_poc,sec-0003-0015
5c507601ec070001,-10335.16,4.54,-56183.2,sign.poc_5g0ec,speed_camera_01_no_poc,sec-0003-0015
5c5076601a870001,-9081.23,11.3,-57441.88,sign.poc_5g0ec,speed_camera_01_no_poc,sec-0003-0015
5c5076995d070001,-9083.33,11.47,-57421.95,sign.poc_5g0ec,speed_camera_01_no_poc,sec-0003-0015
5e5848e970860001,-10605.36,31.92,-58737.5,sign.poc_5g0ec,speed_camera_01_no_poc,sec-0003-0015
6005ddcd0a870001,-15450.4,59.36,3110.9,sign.lux_14004,speed_camera_02_lu_lux,sec-0004+0000
01567d2646b043f3,-14659.41,59.43,15934.34,sign.1045,speedcamera_hw_fr,sec-0004+0003
514e5e3720070001,-12102.38,45.68,18622.71,sign.ch_37008,speed_camera_v2_ch,sec-0004+0004
514e4c3161870001,-14571.11,53.56,23153.48,sign.ch_37007,speed_camera_ch,sec-0004+0005
514e50fb19870001,-13734.49,61.21,21138.35,sign.ch_37009,speed_camera_v3_ch,sec-0004+0005
22610ee4f5cd0001,-13964.84,46.16,31449.46,sign.dlc_it_319,speedcamera_3way_hw_02_it,sec-0004+0007
22610f0c044d0001,-14021.3,46.71,31231.41,sign.dlc_it_319,speedcamera_3way_hw_02_it,sec-0004+0007
226077c4774d0001,-13765.09,41.8,34532.3,sign.dlc_it_320,speedcamera_small_02_orange_it,sec-0004+0008
226077fc0ccd0000,-13895.92,41.8,34647.98,sign.dlc_it_320,speedcamera_small_02_orange_it,sec-0004+0008
51b2fcbcf2b20001,-12459.44,64.76,-4572.23,sign.ch_37008,speed_camera_v2_ch,sec-0004-0002
51b2fce698320001,-12438.04,64.76,-4627.34,sign.ch_37008,speed_camera_v2_ch,sec-0004-0002
626d472ebb070001,-15159.49,50.88,-5255.41,sign.lux_2p00z,stand_portal_v05_hw2_two_way_cam_nl,sec-0004-0002
626d47401e070000,-15146.27,50.88,-5267.4,sign.lux_2p00z,stand_portal_v05_hw2_two_way_cam_nl,sec-0004-0002
6005dcc99e870001,-16363.89,51.0,1448.39,sign.lux_14003,speed_camera_01_lu_lux,sec-0005+0000
06d7fb24489b0001,-16035.79,52.51,7815.89,sign.1739,speedcamera_hw_small_01_fr,sec-0005+0001
06d7fb2d4d3b0000,-16029.31,52.65,7846.99,sign.1739,speedcamera_hw_small_01_fr,sec-0005+0001
06d7fbe0ac1b0001,-19633.06,43.18,6661.59,sign.1739,speedcamera_hw_small_01_fr,sec-0005+0001
06d7fbe71b9b0000,-19699.21,44.21,6691.75,sign.1739,speedcamera_hw_small_01_fr,sec-0005+0001
514e3a43e9870001,-18978.18,46.66,23889.32,sign.ch_37007,speed_camera_ch,sec-0005+0005
514e656ca7870001,-16909.32,62.23,21856.91,sign.ch_37007,speed_camera_ch,sec-0005+0005
4e4113202dcfc713,-19120.37,49.98,26841.88,sign.1045,speedcamera_hw_fr,sec-0005+0006
60c74fe319070001,-19607.83,34.32,-1085.95,sign.lux_7n001,speed_camera_02_be,sec-0005-0001
60c754de8c870001,-18812.0,34.64,-1177.23,sign.lux_7n001,speed_camera_02_be,sec-0005-0001
60c754f2ef870000,-18805.93,34.64,-1177.31,sign.lux_7n001,speed_camera_02_be,sec-0005-0001
60edd2a953070001,-17887.06,43.15,-387.19,sign.lux_7n001,speed_camera_02_be,sec-0005-0001
60edd2d8ce070000,-17887.8,43.15,-387.06,sign.lux_7n001,speed_camera_02_be,sec-0005-0001
60edf81930870001,-19106.63,35.65,-2203.88,sign.lux_7n001,speed_camera_02_be,sec-0005-0001
60edf85029070000,-19105.55,35.65,-2203.08,sign.lux_7n001,speed_camera_02_be,sec-0005-0001
60edf90303870001,-19471.7,31.03,-2599.24,sign.lux_7n001,speed_camera_02_be,sec-0005-0001
60edf918e0870000,-19470.93,31.03,-2600.04,sign.lux_7n001,speed_camera_02_be,sec-0005-0001
60fa64cfd3070001,-16331.99,43.28,-3355.05,sign.lux_2p00u,speed_camera_01_nl,sec-0005-0001
60fa64493b870001,-16167.29,43.53,-4060.85,sign.lux_2p00u,speed_camera_01_nl,sec-0005-0002
60bc4fa5840d004f,-18731.26,15.15,-11172.78,sign.lux_2p00k,stand_portal_v05_hw5_nl,sec-0005-0003
06d7f9e612cb0001,-21048.23,50.82,14838.75,sign.1739,speedcamera_hw_small_01_fr,sec-0006+0003
06d7fad4a4cb0000,-21024.54,51.21,14804.71,sign.1739,speedcamera_hw_small_01_fr,sec-0006+0003
01567d26bba09047,-20830.2,55.61,19158.78,sign.1045,speedcamera_hw_fr,sec-0006+0004
01567d26d0f09157,-23892.66,40.37,18735.24,sign.1045,speedcamera_hw_fr,sec-0006+0004
01567d26e0d09037,-21543.2,46.68,16845.28,sign.1045,speedcamera_hw_fr,sec-0006+0004
60edf34bf2070001,-23277.38,28.13,-2711.04,sign.lux_7n000,speed_camera_01_be,sec-0006-0001
60edf3ab81870000,-23249.09,28.13,-2691.57,sign.lux_7n000,speed_camera_01_be,sec-0006-0001
60edf9b113070001,-20861.2,29.08,-1002.92,sign.lux_7n001,speed_camera_02_be,sec-0006-0001
60edf9d9c0070000,-20863.86,29.14,-1005.35,sign.lux_7n001,speed_camera_02_be,sec-0006-0001
60edcadc14870001,-23905.61,12.43,-7605.36,sign.lux_2p00u,speed_camera_01_nl,sec-0006-0002
60edf73fbe870001,-21019.1,22.22,-4726.74,sign.lux_7n000,speed_camera_01_be,sec-0006-0002
60edf77d64870001,-20872.55,10.35,-5568.26,sign.lux_7n000,speed_camera_01_be,sec-0006-0002
608316d5c18d00fd,-20941.53,11.06,-9150.29,sign.lux_2p00k,stand_portal_v05_hw5_nl,sec-0006-0003
01567d269360a7e5,-26115.98,52.62,5694.18,sign.1045,speedcamera_hw_fr,sec-0007+0001
06d7fb7eaf9b0001,-27841.07,43.4,12821.61,sign.1739,speedcamera_hw_small_01_fr,sec-0007+0003
06d7fb8adb9b0000,-27871.29,43.36,12831.65,sign.1739,speedcamera_hw_small_01_fr,sec-0007+0003
343995bc7a400001,-26490.08,12.83,-1656.64,sign.1766,speedcamera_hw_3lane_fr,sec-0007-0001
60c75212a4070001,-24021.09,28.83,-822.49,sign.lux_7n001,speed_camera_02_be,sec-0007-0001
60edf2a14c870001,-24777.89,16.4,-3565.26,sign.lux_7n000,speed_camera_01_be,sec-0007-0001
06cc4cf634fb0001,-29551.44,58.42,27731.37,sign.1739,speedcamera_hw_small_01_fr,sec-0008+0006
01567d272f90be4f,-29926.78,18.07,-3400.52,sign.1045,speedcamera_hw_fr,sec-0008-0001
01567d273590bea9,-29603.87,22.22,-4841.81,sign.1045,speedcamera_hw_fr,sec-0008-0002
01567d276e70c381,-31620.36,43.37,-14258.47,sign.1086,speedcamera_hw_uk,sec-0008-0004
01567d279020c2d7,-31871.38,43.37,-14435.9,sign.1086,speedcamera_hw_uk,sec-0008-0004
06b712edff910001,-33751.62,29.42,9996.96,sign.1766,speedcamera_hw_3lane_fr,sec-0009+0002
06d7fd8e31ab0001,-34018.31,16.29,12846.34,sign.1739,speedcamera_hw_small_01_fr,sec-0009+0003
06d7fd945a5b0000,-34050.29,16.29,12851.72,sign.1739,speedcamera_hw_small_01_fr,sec-0009+0003
01567d271960c56d,-34125.95,49.48,-7119.8,sign.1086,speedcamera_hw_uk,sec-0009-0002
01567d27b3f0c525,-33784.47,39.57,-7391.51,sign.1086,speedcamera_hw_uk,sec-0009-0002
01567d274f20c7d9,-33550.06,48.38,-8119.08,sign.1130,speedcamera_hw_uk2,sec-0009-0003
01567d279e70c7d7,-33601.8,49.27,-8218.47,sign.1130,speedcamera_hw_uk2,sec-0009-0003
01567d272670c973,-32986.23,37.04,-12990.4,sign.1130,speedcamera_hw_uk2,sec-0009-0004
01567d276f90c935,-35354.73,39.6,-12415.77,sign.1130,speedcamera_hw_uk2,sec-0009-0004
01567d279360c9bf,-35176.57,43.03,-12560.61,sign.1130,speedcamera_hw_uk2,sec-0009-0004
01567d27aef0c971,-33016.65,36.73,-12930.79,sign.1130,speedcamera_hw_uk2,sec-0009-0004
01567d2737a0caeb,-34826.84,66.56,-16166.17,sign.1130,speedcamera_hw_uk2,sec-0009-0005
01567d276ed0cae9,-34821.32,67.85,-16228.15,sign.1130,speedcamera_hw_uk2,sec-0009-0005
01567d2734a0cb51,-35973.85,72.85,-29380.46,sign.1130,speedcamera_hw_uk2,sec-0009-0008
01567d278e90cb53,-35919.87,72.86,-29348.67,sign.1130,speedcamera_hw_uk2,sec-0009-0008
06cb00b740a30001,-39208.28,38.35,19713.55,sign.1739,speedcamera_hw_small_01_fr,sec-0010+0004
06cb018eb4230000,-39246.19,38.37,19701.03,sign.1739,speedcamera_hw_small_01_fr,sec-0010+0004
06cc4baecfbb0001,-39956.02,36.17,31753.28,sign.1739,speedcamera_hw_small_01_fr,sec-0010+0007
06cc4c1bcbbb0000,-39981.16,36.28,31762.05,sign.1739,speedcamera_hw_small_01_fr,sec-0010+0007
01567d270790d0f7,-37402.79,63.22,-9140.24,sign.1130,speedcamera_hw_uk2,sec-0010-0003
01567d276190d0d1,-39449.2,59.42,-10372.38,sign.1130,speedcamera_hw_uk2,sec-0010-0003
01567d2764a0cd21,-37589.52,65.67,-10671.25,sign.1130,speedcamera_hw_uk2,sec-0010-0003
01567d2765e0cef9,-39691.83,59.42,-10532.74,sign.1130,speedcamera_hw_uk2,sec-0010-0003
01567d27b130cd1f,-37606.73,65.85,-10728.63,sign.1130,speedcamera_hw_uk2,sec-0010-0003
01567d27bda0d2b3,-37309.79,63.22,-9186.16,sign.1130,speedcamera_hw_uk2,sec-0010-0003
01567d274530d5dd,-39354.27,61.54,-12833.3,sign.1086,speedcamera_hw_uk,sec-0010-0004
01567d274d80d3bf,-36797.78,75.29,-15871.41,sign.1130,speedcamera_hw_uk2,sec-0010-0004
01567d275130d4bd,-38897.41,74.54,-12742.2,sign.1086,speedcamera_hw_uk,sec-0010-0004
01567d277350d3d7,-36923.43,75.29,-15793.62,sign.1130,speedcamera_hw_uk2,sec-0010-0004
01567d272080d67b,-38632.9,77.4,-19180.21,sign.1086,speedcamera_hw_uk,sec-0010-0005
01567d273020d91f,-38717.17,82.97,-19624.67,sign.1086,speedcamera_hw_uk,sec-0010-0005
01567d2792f0df5b,-36938.68,76.55,-26821.62,sign.1130,speedcamera_hw_uk2,sec-0010-0007
01567d27dd00df5d,-36946.99,76.95,-26785.57,sign.1130,speedcamera_hw_uk2,sec-0010-0007
01567d275600dff5,-37822.13,87.03,-28512.73,sign.1086,speedcamera_hw_uk,sec-0010-0008
01567d276240e09b,-37849.71,87.04,-29657.11,sign.1086,speedcamera_hw_uk,sec-0010-0008
01567d274470e21d,-39012.88,96.86,-39871.32,sign.1130,speedcamera_hw_uk2,sec-0010-0010
01567d277f30e21b,-39067.44,96.87,-39912.23,sign.1130,speedcamera_hw_uk2,sec-0010-0010
01567d271960e4ad,-39053.11,89.22,-54633.68,sign.1130,speedcamera_hw_uk2,sec-0010-0014
01567d276f50e675,-39096.5,89.23,-54610.12,sign.1130,speedcamera_hw_uk2,sec-0010-0014
01567d27b1f0e63b,-39621.85,91.92,-55211.02,sign.1130,speedcamera_hw_uk2,sec-0010-0014
01567d27d980e63d,-39536.4,91.52,-55218.87,sign.1130,speedcamera_hw_uk2,sec-0010-0014
06d7fe297a3b0001,-40450.36,27.94,3326.34,sign.1739,speedcamera_hw_small_01_fr,sec-0011+0000
06d7fe300bcb0000,-40471.1,28.4,3301.71,sign.1739,speedcamera_hw_small_01_fr,sec-0011+0000
06d7fe62922b0001,-41750.22,31.17,11914.99,sign.1739,speedcamera_hw_small_01_fr,sec-0011+0002
06d7fe66c22b0000,-41779.78,31.38,11929.3,sign.1739,speedcamera_hw_small_01_fr,sec-0011+0002
06a70900d7260001,-43592.55,40.5,23056.49,sign.1739,speedcamera_hw_small_01_fr,sec-0011+0005
06cafe3cd8f30001,-42424.94,42.88,23090.39,sign.1739,speedcamera_hw_small_01_fr,sec-0011+0005
06caffc792c30000,-42243.23,43.62,23071.58,sign.1739,speedcamera_hw_small_01_fr,sec-0011+0005
01567d270a90e729,-40986.11,55.12,-6868.63,sign.1130,speedcamera_hw_uk2,sec-0011-0002
01567d272520e763,-40535.85,43.98,-6934.72,sign.1130,speedcamera_hw_uk2,sec-0011-0002
01567d270000e7cb,-41387.43,50.77,-10272.93,sign.1130,speedcamera_hw_uk2,sec-0011-0003
01567d278a30e7c9,-41443.04,49.87,-10276.82,sign.1130,speedcamera_hw_uk2,sec-0011-0003
01567d27d7d0e949,-40147.59,62.01,-10812.41,sign.1130,speedcamera_hw_uk2,sec-0011-0003
01567d27ec70e94b,-40132.53,60.77,-10762.22,sign.1130,speedcamera_hw_uk2,sec-0011-0003
01567d2706f0ec67,-40886.25,46.78,-16128.91,sign.1130,speedcamera_hw_uk2,sec-0011-0005
01567d275520ec45,-43229.69,48.02,-19503.0,sign.1130,speedcamera_hw_uk2,sec-0011-0005
01567d27aef0ec43,-43261.41,47.89,-19402.61,sign.1130,speedcamera_hw_uk2,sec-0011-0005
01567d27b3e0ec69,-40938.08,48.03,-16078.83,sign.1130,speedcamera_hw_uk2,sec-0011-0005
01567d2711c0f067,-40209.96,73.67,-24929.53,sign.1130,speedcamera_hw_uk2,sec-0011-0007
01567d276d20f0b3,-41563.86,65.48,-26095.21,sign.1130,speedcamera_hw_uk2,sec-0011-0007
01567d27c3c0f065,-40152.85,73.67,-24899.25,sign.1130,speedcamera_hw_uk2,sec-0011-0007
01567d27e830f04f,-41982.94,60.21,-25078.02,sign.1130,speedcamera_hw_uk2,sec-0011-0007
01567d276110f429,-40830.23,110.46,-31315.14,sign.1130,speedcamera_hw_uk2,sec-0011-0008
01567d2777d0f3df,-40765.0,110.04,-31082.89,sign.1130,speedcamera_hw_uk2,sec-0011-0008
01567d270d50f933,-40430.63,112.14,-38521.52,sign.1086,speedcamera_hw_uk,sec-0011-0010
01567d27ac20f921,-40065.55,111.83,-38647.5,sign.1086,speedcamera_hw_uk,sec-0011-0010
01567d27c9d0f953,-40285.2,104.07,-36234.64,sign.1130,speedcamera_hw_uk2,sec-0011-0010
01567d27ca50fa2b,-40213.63,106.11,-36725.88,sign.1130,speedcamera_hw_uk2,sec-0011-0010
06d7fde2a71b0001,-45032.8,43.31,5718.69,sign.1739,speedcamera_hw_small_01_fr,sec-0012+0001
06d7fde735ab0000,-44984.72,43.57,5714.83,sign.1739,speedcamera_hw_small_01_fr,sec-0012+0001
06d7fd28a07b0001,-46138.31,43.36,9460.6,sign.1739,speedcamera_hw_small_01_fr,sec-0012+0002
06d7fd305c2b0000,-46132.18,43.94,9491.46,sign.1739,speedcamera_hw_small_01_fr,sec-0012+0002
01567d272680ff7b,-46191.39,59.88,-7927.11,sign.1130,speedcamera_hw_uk2,sec-0012-0002
01567d27d490ff79,-46162.86,59.88,-7926.05,sign.1130,speedcamera_hw_uk2,sec-0012-0002
01567d27940003bb,-46006.8,65.42,-9569.74,sign.1086,speedcamera_hw_uk,sec-0012-0003
01567d27d4c0029d,-44697.16,54.19,-10180.85,sign.1086,speedcamera_hw_uk,sec-0012-0003
01567d27a5b0043f,-46354.05,13.63,-12866.31,sign.1130,speedcamera_hw_uk2,sec-0012-0004
01567d27bc90043d,-46410.11,14.39,-12819.4,sign.1130,speedcamera_hw_uk2,sec-0012-0004
01567d27465005a7,-47491.4,31.48,-19363.06,sign.1086,speedcamera_hw_uk,sec-0012-0005
01567d2881500973,-47596.39,31.73,-20076.1,sign.1086,speedcamera_hw_uk,sec-0012-0006
01567d28d78006b7,-46371.21,89.14,-23753.16,sign.1130,speedcamera_hw_uk2,sec-0012-0006
01567d28e77006b5,-46296.21,94.38,-23694.31,sign.1130,speedcamera_hw_uk2,sec-0012-0006
01567d2837b010db,-45846.63,90.14,-29035.55,sign.1130,speedcamera_hw_uk2,sec-0012-0008
01567d2880d010ad,-45844.73,90.28,-28991.98,sign.1130,speedcamera_hw_uk2,sec-0012-0008
01567d2812001143,-46849.2,114.74,-32053.32,sign.1130,speedcamera_hw_uk2,sec-0012-0009
01567d282dc01141,-46896.54,115.56,-32064.61,sign.1130,speedcamera_hw_uk2,sec-0012-0009
01567d2815b01511,-44583.22,115.6,-39646.52,sign.1130,speedcamera_hw_uk2,sec-0012-0010
01567d282bc013d5,-45278.21,102.23,-39954.05,sign.1130,speedcamera_hw_uk2,sec-0012-0010
01567d2839d0150f,-44555.39,115.89,-39615.24,sign.1130,speedcamera_hw_uk2,sec-0012-0010
01567d2873901605,-45455.48,111.12,-36322.35,sign.1086,speedcamera_hw_uk,sec-0012-0010
01567d287aa01551,-45572.04,106.54,-37143.76,sign.1086,speedcamera_hw_uk,sec-0012-0010
01567d28c2901451,-45146.73,103.23,-39995.93,sign.1130,speedcamera_hw_uk2,sec-0012-0010
01567d2825501739,-47324.6,110.58,-43504.57,sign.1130,speedcamera_hw_uk2,sec-0012-0011
01567d284400173b,-47277.27,110.58,-43556.32,sign.1130,speedcamera_hw_uk2,sec-0012-0011
01567d282940192b,-45431.48,101.81,-46175.68,sign.1130,speedcamera_hw_uk2,sec-0012-0012
01567d2869501c11,-45149.2,102.73,-46140.61,sign.1130,speedcamera_hw_uk2,sec-0012-0012
01567d28c00018ef,-44734.32,90.16,-46608.14,sign.1130,speedcamera_hw_uk2,sec-0012-0012
01567d28e4901acd,-44732.74,90.13,-46532.39,sign.1130,speedcamera_hw_uk2,sec-0012-0012
01567d281e901f49,-47554.85,103.92,-50149.74,sign.1086,speedcamera_hw_uk,sec-0012-0013
01567d285ed01e31,-45599.78,111.33,-49100.04,sign.1130,speedcamera_hw_uk2,sec-0012-0013
01567d28b7501ecf,-46648.1,105.47,-50622.95,sign.1086,speedcamera_hw_uk,sec-0012-0013
01567d28c1701f2f,-45797.66,111.33,-48466.04,sign.1130,speedcamera_hw_uk2,sec-0012-0013
06d7fdb473bb0001,-49203.41,57.91,4673.58,sign.1739,speedcamera_hw_small_01_fr,sec-0013+0001
06d7fdbd883b0000,-49216.56,56.48,4702.19,sign.1739,speedcamera_hw_small_01_fr,sec-0013+0001
06cabd8750ab0001,-49139.84,45.38,26573.91,sign.1739,speedcamera_hw_small_01_fr,sec-0013+0006
06cabe0aae8b0001,-49208.01,45.25,26379.58,sign.1739,speedcamera_hw_small_01_fr,sec-0013+0006
01567d2835a02009,-49206.91,60.07,-7701.63,sign.1130,speedcamera_hw_uk2,sec-0013-0002
01567d289c802027,-49412.68,54.29,-7627.78,sign.1130,speedcamera_hw_uk2,sec-0013-0002
01567d282af02147,-51628.29,37.96,-14828.55,sign.1130,speedcamera_hw_uk2,sec-0013-0004
01567d28d9b02203,-51217.03,37.96,-14255.08,sign.1130,speedcamera_hw_uk2,sec-0013-0004
01567d280c30230f,-48072.95,28.74,-16916.13,sign.1130,speedcamera_hw_uk2,sec-0013-0005
01567d282c602507,-48076.21,29.41,-17295.78,sign.1130,speedcamera_hw_uk2,sec-0013-0005
01567d285a1028bb,-50547.07,79.28,-25132.44,sign.1086,speedcamera_hw_uk,sec-0013-0007
01567d287fe02889,-50339.98,79.5,-25375.84,sign.1086,speedcamera_hw_uk,sec-0013-0007
01567d28cdd02c9d,-49068.23,109.89,-47363.48,sign.1130,speedcamera_hw_uk2,sec-0013-0012
01567d28f8c02c9f,-49015.72,110.02,-47361.7,sign.1130,speedcamera_hw_uk2,sec-0013-0012
01567d283800304b,-49846.0,102.09,-48113.49,sign.1130,speedcamera_hw_uk2,sec-0013-0013
01567d28fbc03049,-49859.07,102.37,-48080.76,sign.1130,speedcamera_hw_uk2,sec-0013-0013
06cae192b80a0001,-53721.21,14.84,3404.4,sign.1739,speedcamera_hw_small_01_fr,sec-0014+0000
06cae1c703aa0001,-53670.35,14.65,3466.0,sign.1739,speedcamera_hw_small_01_fr,sec-0014+0000
01567d28279031ef,-53809.71,77.2,-11166.67,sign.1130,speedcamera_hw_uk2,sec-0014-0003
01567d28440031f1,-53692.17,76.82,-11194.04,sign.1130,speedcamera_hw_uk2,sec-0014-0003
01567d2806e03473,-54524.17,25.01,-14900.65,sign.1130,speedcamera_hw_uk2,sec-0014-0004
01567d289ce033b9,-54431.17,30.78,-15061.7,sign.1130,speedcamera_hw_uk2,sec-0014-0004
01567d2886403819,-55553.59,30.93,-17740.59,sign.1130,speedcamera_hw_uk2,sec-0014-0005
01567d289170381b,-55606.25,30.93,-17725.38,sign.1130,speedcamera_hw_uk2,sec-0014-0005
38959ba41d220001,-57966.17,23.85,38141.09,sign.blke_428a,speedcamera_hw_tr,sec-0015+0009
3b30ae4c85070001,-58000.21,25.19,38057.71,sign.ibe_2m002,speedcamera_01_es_ibe,sec-0015+0009
01567d28a6b03b4d,-58823.31,55.04,-8464.96,sign.1086,speedcamera_hw_uk,sec-0015-0003
01567d28f1703a33,-59548.71,55.4,-8159.85,sign.1086,speedcamera_hw_uk,sec-0015-0003
01567d287f903edd,-56680.46,12.12,-17386.62,sign.1130,speedcamera_hw_uk2,sec-0015-0005
01567d28cee03eb5,-56664.23,9.96,-17290.15,sign.1130,speedcamera_hw_uk2,sec-0015-0005
3b30aed016c70001,-66898.89,41.91,46710.52,sign.ibe_2m002,speedcamera_01_es_ibe,sec-0017+0011
3b30ac5871870001,-73790.11,41.64,49729.3,sign.ibe_2m002,speedcamera_01_es_ibe,sec-0019+0012
3b30ad24f1c70001,-79302.47,12.13,70595.57,sign.ibe_2m002,speedcamera_01_es_ibe,sec-0020+0017
3b333c9069950001,-82682.88,3.24,26374.88,sign.ibe_2m002,speedcamera_01_es_ibe,sec-0021+0006
3be2680443450001,-82847.8,23.1,29682.48,sign.ibe_2m002,speedcamera_01_es_ibe,sec-0021+0007
3c4ca65c68450001,-83172.39,25.14,33997.18,sign.ibe_2m002,speedcamera_01_es_ibe,sec-0021+0008
3c4ca70cf7850000,-83112.82,24.5,33984.01,sign.ibe_2m002,speedcamera_01_es_ibe,sec-0021+0008
3c4cae80cf450001,-83075.1,32.57,32780.73,sign.ibe_2m002,speedcamera_01_es_ibe,sec-0021+0008
3c4caf6400850000,-83064.14,33.57,32751.35,sign.ibe_2m002,speedcamera_01_es_ibe,sec-0021+0008
40e37518c1c60603,-80012.72,37.53,34230.0,sign.ibe_2m002,speedcamera_01_es_ibe,sec-0021+0008
3db78fdc47860074,-83803.75,16.02,41893.58,sign.ibe_2m001,speedcamera_01_pt_ibe,sec-0021+0010
3c215b605cde0001,-84283.95,30.48,39579.18,sign.ibe_2m001,speedcamera_01_pt_ibe,sec-0022+0009
3b30a8e46d870001,-90781.53,32.99,48628.57,sign.ibe_2m001,speedcamera_01_pt_ibe,sec-0023+0012
